category,index,title,text_url,local_file,status,characters
تشريعات الصحة,2,"-
قانون رقم (23) لسنة 2018 بإصدار قانون الضمان الصحي
------------------
LAW NO. (23) OF 2018 PROMULGATING THE HEALTH INSURANCE LAW
التاريخ : 7-يونيو-2018 رقم الجريدة الرسمية : 3369",https://www.lloc.gov.bh/Legislation/HTM/K2318,C:\Users\Fatima Khalifa\GA_DSB\Capstone_Project\LLOC_Legislations\تشريعات الصحة\K2318.txt,DOWNLOADED,158
تشريعات مجلس التعاون الخليجي,3,"-
قانون رقم (12) لسنة 2018 بالموافقة على القانون (النظام) الموحَّد لمكافحة الغِش التجاري لدول مجلس التعاون لدول الخليج العربية
------------------
Law No. (12) of 2018 approving the unified law (regulation) to combat commercial fraud for the Gulf Cooperation Council countries
التاريخ : 3-مايو-2018 رقم الجريدة الرسمية : 3364",,,NO_TEXT_LINK,0
